MUNICIPIOS,TOTAL,HOMBRES(<25),HOMBRES(25-44),HOMBRES(>44),MUJERES(<25),MUJERES(25-44),MUJERES(>44),AGRICULTURA,INDUSTRIA,CONSTRUCCION,SERVICIOIS,SIN_EMPLEO_ANTERIOR
ABRERA,680,33,122,136,34,152,203,6,92,41,516,25
AGUILAR DE SEGARRA,12, ,1,3, ,1,7, , ,1,11, 
AIGUAFREDA,129,7,25,39,3,20,35,5,24,7,83,10
ALELLA,296,13,39,78,12,60,94,3,21,23,239,10
ALPENS,9, ,2,3, ,1,3, ,4,1,4, 
"AMETLLA DEL VALLES, L'",355,16,50,82,14,71,122,1,54,26,261,13
ARENYS DE MAR,982,33,161,232,25,216,315,14,102,57,762,47
ARENYS DE MUNT,511,25,81,117,11,109,168,5,65,33,389,19
ARGENÇOLA,11, ,1,2, ,4,4, ,2,1,8, 
ARGENTONA,683,37,125,137,25,137,222,9,101,57,477,39
ARTES,292,9,53,54,15,65,96,19,50,17,190,16
AVIA,75,1,14,12,2,16,30,2,11,3,56,3
AVINYO,90,6,9,27,2,12,34,1,23,3,60,3
AVINYONET DEL PENEDES,94,6,21,30, ,10,27,2,18,11,58,5
BADALONA,16.938,736,3.102,3.833,590,3.809,4.868,66,1.569,1.603,12.201,1.499
BADIA DEL VALLES,1.340,80,257,290,57,300,356,7,150,120,944,119
BAGA,103,1,17,27,1,23,34,1,11,7,82,2
BALENYA,253,11,57,42,8,40,95,6,44,16,169,18
BALSARENY,165,5,27,38,4,35,56,2,45,12,101,5
BARBERA DEL VALLES,2.044,100,358,398,83,483,622,12,308,124,1.471,129
BARCELONA,96.227,3.268,20.527,21.713,2.771,23.292,24.656,407,6.083,5.333,79.368,5.036
BEGUES,285,19,44,57,12,61,92,2,21,20,231,11
BELLPRAT,2, ,1, ,1, , , , , ,1,1
BERGA,1.157,57,214,276,32,222,356,20,163,115,760,99
BIGUES I RIELLS,539,20,72,116,17,106,208,3,91,41,380,24
BORREDA,24,3,1,8, ,4,8, ,4, ,19,1
"BRUC, EL",84,3,15,18,2,20,26, ,14,4,64,2
"BRULL, EL",12,1,9,1, , ,1,1,2,2,6,1
"CABANYES, LES",31, ,4,2,1,8,16, ,6, ,24,1
CABRERA D'ANOIA,138,12,21,21,5,30,49,9,9,13,100,7
CABRERA DE MAR,194,5,38,54,4,33,60,3,19,8,158,6
CABRILS,310,17,45,88,5,49,106,2,39,22,229,18
CALAF,260,9,36,57,8,68,82,13,38,30,140,39
CALDERS,41,1,8,8,1,11,12, ,6,4,30,1
CALDES DE MONTBUI,1.002,35,158,231,26,199,353,18,183,73,696,32
CALDES D'ESTRAC,167,6,40,36,5,27,53,1,7,7,139,13
CALELLA,1.548,80,260,381,50,311,466,44,110,121,1.183,90
CALLDETENES,81,4,16,22,3,19,17,2,20,9,44,6
CALLUS,114,8,17,31,2,22,34,3,17,4,84,6
CALONGE DE SEGARRA,5, ,1, , ,3,1, ,1,1,2,1
CAMPINS,27, ,4,6, ,7,10,1,8,2,14,2
CANET DE MAR,951,40,172,217,25,191,306,10,112,72,710,47
CANOVELLES,1.556,80,280,346,62,393,395,36,207,152,964,197
CANOVES I SAMALUS,190,1,39,40,6,37,67,1,27,12,145,5
CANYELLES,352,14,62,94,17,73,92,5,34,32,268,13
CAPELLADES,350,19,66,79,11,73,102,4,59,23,240,24
CAPOLAT,4, ,1,1, ,1,1, , , ,4, 
CARDEDEU,991,44,170,183,30,224,340,17,157,61,705,51
CARDONA,218,9,30,42,13,42,82,9,30,20,147,12
CARME,61,3,13,9, ,16,20, ,14,1,42,4
CASSERRES,84,3,13,20, ,25,23,6,17,5,56, 
CASTELLAR DEL RIU,4, , ,3, , ,1, ,2, ,2, 
CASTELLAR DEL VALLES,1.253,42,196,277,44,237,457,9,212,110,873,49
CASTELLAR DE N'HUG,19,2,1,9,1,2,4, ,2, ,17, 
CASTELLBELL I EL VILAR,258,14,39,65,6,63,71,1,55,25,166,11
CASTELLBISBAL,644,27,94,116,15,146,246,6,107,31,471,29
CASTELLCIR,43,1,7,14,2,9,10,3,12,1,26,1
CASTELLDEFELS,3.769,136,701,886,109,877,1.060,10,271,260,3.055,173
CASTELL DE L'ARENY,1, , , , ,1, , , , ,1, 
CASTELLET I LA GORNAL,184,5,38,40,6,44,51,3,30,14,135,2
CASTELLFOLLIT DEL BOIX,16, ,6,2,1,4,3, ,1,1,14, 
CASTELLFOLLIT DE RIUBREGOS,6, , ,5, , ,1,1,2, ,3, 
CASTELLGALI,108,5,17,26,3,24,33, ,9,9,86,4
CASTELLNOU DE BAGES,65,5,11,7,3,22,17, ,7,2,53,3
CASTELLOLI,16, ,4,2,1,4,5, ,4,1,10,1
CASTELLTERÇOL,107,2,14,31,3,26,31,1,23,5,73,5
CASTELLVI DE LA MARCA,62,1,11,15,1,15,19,5,15,11,30,1
CASTELLVI DE ROSANES,97,5,12,19,3,26,32, ,11,5,78,3
CENTELLES,399,17,76,77,11,84,134,3,61,20,295,20
CERCS,75,2,13,20,4,13,23, ,19,4,48,4
CERDANYOLA DEL VALLES,3.284,146,658,716,108,693,963,17,381,203,2.490,193
CERVELLO,501,14,76,113,14,107,177,2,52,32,401,14
COLLBATO,209,6,28,51,7,45,72, ,39,13,152,5
COLLSUSPINA,16, ,1,4, ,4,7, ,7,1,8, 
COPONS,7, ,2,1, ,1,3, ,1,1,5, 
CORBERA DE LLOBREGAT,715,41,120,169,26,139,220,8,76,50,558,23
CORNELLA DE LLOBREGAT,6.148,282,1.083,1.505,246,1.353,1.679,28,526,619,4.544,431
CUBELLES,1.136,48,161,274,32,277,344,10,81,82,919,44
DOSRIUS,341,13,42,74,9,72,131,2,52,30,248,9
ESPARREGUERA,1.452,64,228,297,59,338,466,14,203,98,1.023,114
ESPLUGUES DE LLOBREGAT,2.639,110,504,559,87,603,776,9,219,187,2.092,132
"ESPUNYOLA, L'",8, , ,4, ,1,3,1, , ,7, 
"ESQUIROL, L'",81,1,9,21,3,17,30,4,16,4,53,4
"ESTANY, L'",20, , ,6, ,3,11, ,7, ,13, 
FIGARO-MONTMANY,77,5,13,21,2,19,17,2,11,3,55,6
FIGOLS,1, , , , , ,1, , ,1, , 
FOGARS DE LA SELVA,128,6,17,34,4,17,50,3,31,11,80,3
FOGARS DE MONTCLUS,14, ,1,7, ,5,1,2,1, ,11, 
FOLGUEROLES,65,4,7,15,2,14,23,2,15,5,41,2
FONOLLOSA,88,3,14,23,2,19,27, ,10,13,63,2
FONT-RUBI,68,2,13,17,5,10,21,8,7,6,45,2
"FRANQUESES DEL VALLES, LES",1.360,61,216,271,46,336,430,17,195,99,950,99
GAIA,11, ,2,2, ,3,4, ,2,1,8, 
GALLIFA,8, ,1,3, ,2,2,1, , ,6,1
"GARRIGA, LA",761,35,126,166,22,143,269,3,110,35,573,40
GAVA,2.864,112,540,620,119,635,838,32,252,232,2.182,166
GELIDA,496,17,85,112,18,119,145,13,57,40,351,35
GIRONELLA,265,9,52,62,13,49,80,8,54,15,167,21
GISCLARENY,4, ,1,1, ,1,1, , , ,4, 
"GRANADA, LA",115,8,13,28,3,34,29,7,15,6,80,7
GRANERA,4, ,2, , , ,2, , , ,4, 
GRANOLLERS,4.574,218,805,1.030,179,1.010,1.332,69,554,320,3.273,358
GUALBA,101,7,10,21,1,23,39,1,9,4,78,9
GUARDIOLA DE BERGUEDA,60,3,11,6, ,16,24, ,6,3,51, 
GURB,62, ,8,10,4,16,24,1,12, ,44,5
"HOSPITALET DE LLOBREGAT, L'",19.488,846,3.763,4.461,720,4.716,4.982,84,1.359,1.580,15.395,1.070
"HOSTALETS DE PIEROLA, ELS",212,12,30,47,8,50,65,3,37,8,158,6
IGUALADA,2.848,124,474,593,109,723,825,46,397,165,1.936,304
JORBA,41,1,7,10,2,7,14,1,5,3,29,3
"LLACUNA, LA",54,4,12,13,2,11,12,2,6,3,40,3
"LLAGOSTA, LA",998,34,165,247,27,205,320,5,159,75,706,53
LLIÇA D'AMUNT,917,37,148,187,26,195,324,3,169,45,666,34
LLIÇA DE VALL,311,16,44,64,17,52,118,1,72,18,209,11
LLINARS DEL VALLES,637,29,99,154,32,118,205,5,105,42,439,46
LLUÇA,5, ,1,2, ,2, , , ,1,4, 
MALGRAT DE MAR,1.481,81,255,319,64,316,446,41,131,133,1.124,52
MALLA,5, , ,1,2,2, , , , ,4,1
MANLLEU,1.712,76,297,417,70,372,480,35,349,124,932,272
MANRESA,6.218,275,1.153,1.531,209,1.443,1.607,87,723,576,4.171,661
MARGANELL,16, ,2,6, ,5,3, , ,3,13, 
MARTORELL,2.058,80,373,480,62,496,567,36,251,133,1.449,189
MARTORELLES,309,16,48,58,16,77,94,3,46,14,225,21
"MASIES DE RODA, LES",35,2,3,10,2,11,7, ,10,3,20,2
"MASIES DE VOLTREGA, LES",134,8,19,27,3,21,56,2,27,7,90,8
"MASNOU, EL",1.351,45,228,319,30,311,418,9,147,70,1.081,44
MASQUEFA,651,33,96,155,24,142,201,6,71,30,509,35
MATADEPERA,236,12,44,51,8,46,75,2,32,9,184,9
MATARO,10.418,408,1.806,2.496,279,2.230,3.199,205,1.649,921,6.868,775
MEDIONA,154,4,22,35,2,38,53,11,23,6,108,6
MOIA,350,21,59,69,11,67,123,3,85,20,229,13
MOLINS DE REI,1.228,45,203,312,36,246,386,4,179,83,916,46
MOLLET DEL VALLES,3.785,160,603,882,121,842,1.177,49,513,226,2.735,262
MONISTROL DE CALDERS,56,3,7,10,3,16,17,1,13,5,36,1
MONISTROL DE MONTSERRAT,217,7,29,49,6,64,62,1,24,16,161,15
MONTCADA I REIXAC,2.811,116,515,601,107,661,811,22,312,216,2.047,214
MONTCLAR,3, , ,1, ,1,1, , , ,3, 
MONTESQUIU,56,3,8,15,1,10,19,4,12,2,36,2
MONTGAT,677,25,109,134,8,177,224,2,53,39,556,27
MONTMAJOR,13, ,3,1, ,5,4,5,3, ,5, 
MONTMANEU,2, , ,1, ,1, , , , ,2, 
MONTMELO,562,38,82,113,18,109,202,1,92,31,412,26
MONTORNES DEL VALLES,1.287,64,183,260,46,316,418,17,170,103,880,117
MONTSENY,22, ,4,4,1,5,8,1, ,1,19,1
MUNTANYOLA,41,1,2,11,2,13,12, ,6,3,32, 
MURA,9,1, ,3, , ,5,2,1, ,6, 
NAVARCLES,336,12,65,68,16,68,107,2,67,19,238,10
NAVAS,376,18,57,99,7,75,120,11,88,40,217,20
"NOU DE BERGUEDA, LA",9, ,1,4,1, ,3, , , ,9, 
ODENA,242,14,42,64,7,53,62,9,35,18,163,17
OLERDOLA,237,9,35,48,9,66,70,6,39,17,165,10
OLESA DE BONESVALLS,80, ,17,20,2,22,19,1,12,5,58,4
OLESA DE MONTSERRAT,1.569,71,265,327,55,359,492,7,215,111,1.124,112
OLIVELLA,314,10,62,75,6,75,86,6,38,17,243,10
OLOST,47,1,6,8,1,9,22,2,14,4,24,3
OLVAN,50,3,8,7,3,10,19,1,6,3,38,2
ORIS,11, ,1,2,2,3,3, ,1,1,9, 
ORISTA,22,1,5,6,1,5,4,1,7, ,12,2
ORPI,8,1,1,1, ,2,3, ,1, ,6,1
ORRIUS,34,2,2,9, ,11,10, ,3,3,26,2
PACS DEL PENEDES,55,1,11,15,1,11,16,2,15,2,36, 
PALAFOLLS,728,37,112,151,38,167,223,11,79,66,546,26
PALAU-SOLITA I PLEGAMANS,781,32,124,163,24,163,275,2,154,33,564,28
PALLEJA,542,27,92,117,28,96,182,3,80,31,406,22
"PALMA DE CERVELLO, LA",162,8,33,36,3,24,58,2,24,10,123,3
"PAPIOL, EL",234,9,45,56,2,41,81, ,34,21,173,6
PARETS DEL VALLES,1.036,44,145,215,38,216,378,8,174,52,765,37
PERAFITA,20,1,4,3,1,3,8,2,4,1,12,1
PIERA,1.308,62,192,291,54,304,405,34,166,78,953,77
PINEDA DE MAR,2.826,155,496,613,118,674,770,94,224,239,2.029,240
"PLA DEL PENEDES, EL",74,1,17,17,3,25,11,5,11,6,47,5
"POBLA DE CLARAMUNT, LA",136,5,20,26,5,35,45, ,30,7,92,7
"POBLA DE LILLET, LA",52,1,10,15, ,7,19,2,5,1,42,2
POLINYA,467,18,82,97,13,122,135,5,106,22,319,15
"PONT DE VILOMARA I ROCAFORT, EL",268,21,47,58,11,50,81,2,37,15,194,20
PONTONS,50,3,7,12,1,13,14,6,3,1,35,5
"PRAT DE LLOBREGAT, EL",4.400,211,862,922,183,1.038,1.184,18,354,266,3.483,279
PRATS DE LLUÇANES,116,2,12,25,6,16,55,2,37,7,67,3
"PRATS DE REI, ELS",17,1,3,5,1,4,3, ,4, ,10,3
PREMIA DE DALT,552,26,91,137,14,102,182,6,76,56,393,21
PREMIA DE MAR,1.943,76,355,479,39,368,626,60,188,161,1.424,110
PUIGDALBER,29,1,4,8, ,8,8,3,5,2,17,2
PUIG-REIG,225,12,43,46,4,49,71,8,49,23,136,9
PUJALT,3, , , , ,1,2,1, , ,2, 
"QUAR, LA",3, , ,1, ,1,1, ,2, ,1, 
RAJADELL,18, ,4,3, ,3,8, ,4,3,11, 
RELLINARS,63,2,12,18,3,18,10, ,4,3,56, 
RIPOLLET,3.107,124,475,725,116,751,916,22,451,255,2.138,241
"ROCA DEL VALLES, LA",588,35,80,114,31,122,206,3,85,26,441,33
RODA DE TER,338,13,70,65,10,65,115,5,82,24,197,30
RUBI,5.656,201,920,1.286,191,1.253,1.805,29,792,422,4.023,390
RUBIO,8, , ,5, ,2,1, , ,2,6, 
RUPIT I PRUIT,6, ,1,1, ,1,3,1,1, ,4, 
SABADELL,15.356,666,2.742,3.490,595,3.491,4.372,129,1.978,1.381,10.582,1.286
SAGAS,1, , , , ,1, , , , ,1, 
SALDES,16, ,5,6, ,1,4, ,5,1,10, 
SALLENT,389,21,66,88,15,81,118,4,70,28,273,14
SANTA CECILIA DE VOLTREGA,5, , , ,1,1,3, ,4, ,1, 
SANTA COLOMA DE CERVELLO,360,14,79,60,6,67,134,3,34,15,301,7
SANTA COLOMA DE GRAMENET,9.937,490,1.830,2.281,400,2.382,2.554,51,837,1.093,7.151,805
SANT ADRIA DE BESOS,3.424,217,606,713,165,852,871,16,303,269,2.512,324
SANTA EUGENIA DE BERGA,107,5,18,22,7,21,34,2,24,6,68,7
SANTA EULALIA DE RIUPRIMER,44,2,2,10,1,10,19, ,9,6,27,2
SANTA EULALIA DE RONÇANA,383,16,60,86,10,98,113,2,62,23,278,18
SANTA FE DEL PENEDES,18, , ,8,2,4,4,1,3, ,13,1
SANT AGUSTI DE LLUÇANES,7, ,2,1, , ,4, ,1,1,5, 
SANTA MARGARIDA DE MONTBUI,938,39,180,175,39,239,266,12,131,77,618,100
SANTA MARGARIDA I ELS MONJOS,521,27,85,122,17,131,139,20,101,22,353,25
SANTA MARIA DE BESORA,8, ,2, , ,3,3, ,1, ,7, 
SANTA MARIA DE MARTORELLES,49,3,9,13,2,10,12,1,9,2,37, 
SANTA MARIA DE MERLES,6, , ,1,1,1,3, ,2, ,4, 
SANTA MARIA DE MIRALLES,7, ,2,3, , ,2, ,3, ,4, 
SANTA MARIA DE PALAUTORDERA,605,29,94,163,16,114,189,16,91,36,428,34
SANTA MARIA D'OLO,26,1,8,2,3,5,7,1,5,1,17,2
SANT ANDREU DE LA BARCA,1.688,65,271,346,66,404,536,12,228,108,1.233,107
SANT ANDREU DE LLAVANERES,547,17,83,120,14,114,199,7,57,22,443,18
SANT ANTONI DE VILAMAJOR,394,8,74,97,8,86,121,10,46,26,297,15
SANTA PERPETUA DE MOGODA,1.662,72,257,353,64,387,529,13,278,102,1.155,114
SANTA SUSANNA,248,15,40,50,15,54,74,3,14,19,200,12
SANT BARTOMEU DEL GRAU,53,1,6,9,2,17,18, ,9,1,35,8
SANT BOI DE LLOBREGAT,5.840,242,1.005,1.198,233,1.355,1.807,18,686,412,4.363,361
SANT BOI DE LLUÇANES,15, ,3,4,1,2,5, ,3, ,11,1
SANT CEBRIA DE VALLALTA,240,6,36,69,9,43,77,7,20,19,182,12
SANT CELONI,1.201,48,203,266,52,287,345,19,164,90,813,115
SANT CLIMENT DE LLOBREGAT,188,9,29,41,3,39,67,1,35,13,137,2
SANT CUGAT DEL VALLES,3.509,128,631,821,66,811,1.052,19,340,168,2.843,139
SANT CUGAT SESGARRIGUES,38,2,6,10,2,7,11,3,4,2,27,2
SANT ESTEVE DE PALAUTORDERA,125,6,20,30,5,32,32,4,21,6,84,10
SANT ESTEVE SESROVIRES,356,10,80,75,15,74,102,3,47,19,272,15
SANT FELIU DE CODINES,393,12,80,99,16,79,107,1,66,24,285,17
SANT FELIU DE LLOBREGAT,2.455,113,457,525,90,499,771,14,278,162,1.881,120
SANT FELIU SASSERRA,20, ,2,3, ,4,11, ,8,1,11, 
SANT FOST DE CAMPSENTELLES,442,14,69,94,16,103,146,4,64,28,327,19
SANT FRUITOS DE BAGES,482,35,69,97,12,105,164,6,90,31,330,25
SANT HIPOLIT DE VOLTREGA,166,4,27,45,7,29,54,5,48,15,89,9
SANT ISCLE DE VALLALTA,98,8,12,22,2,20,34,2,7,7,78,4
SANT JAUME DE FRONTANYA, , , , , , , , , , , , 
SANT JOAN DESPI,1.744,62,293,392,55,394,548,5,182,110,1.369,78
SANT JOAN DE VILATORRADA,576,35,111,115,23,107,185,6,98,40,391,41
SANT JULIA DE CERDANYOLA,6, ,2,3, , ,1, , , ,6, 
SANT JULIA DE VILATORTA,102,1,22,27,3,20,29, ,20,5,75,2
SANT JUST DESVERN,660,32,102,154,15,159,198,1,61,38,527,33
SANT LLORENÇ D'HORTONS,128,3,20,22,4,36,43,3,17,8,95,5
SANT LLORENÇ SAVALL,130,2,26,32,7,34,29, ,24,7,91,8
SANT MARTI D'ALBARS,6, ,1,1, ,2,2,2,1, ,3, 
SANT MARTI DE CENTELLES,83,2,16,20,5,17,23,2,10,3,63,5
SANT MARTI DE TOUS,43,3,11,11,1,6,11,1,4,5,32,1
SANT MARTI SARROCA,178,3,28,32,8,55,52,17,31,7,116,7
SANT MARTI SESGUEIOLES,14, ,3,2,1,1,7, ,4, ,9,1
SANT MATEU DE BAGES,22,1,5,5,1,5,5,1,3,1,16,1
SANTPEDOR,305,20,42,64,5,69,105,2,62,22,208,11
SANT PERE DE RIBES,2.407,96,446,523,82,527,733,35,188,230,1.837,117
SANT PERE DE RIUDEBITLLES,119,3,16,32,5,22,41,10,22,8,72,7
SANT PERE DE TORELLO,131,9,25,34,1,22,40,4,43,9,68,7
SANT PERE DE VILAMAJOR,299,11,35,75,8,65,105,1,34,17,238,9
SANT PERE SALLAVINERA,1, , , , , ,1, , , ,1, 
SANT POL DE MAR,273,15,49,57,11,50,91,5,23,15,215,15
SANT QUINTI DE MEDIONA,164,3,30,30,5,32,64,13,28,13,99,11
SANT QUIRZE DE BESORA,104,6,20,21,4,19,34,2,22,6,70,4
SANT QUIRZE DEL VALLES,800,37,122,165,28,168,280,3,110,48,595,44
SANT QUIRZE SAFAJA,30,2,8,7, ,5,8, ,2, ,26,2
SANT SADURNI D'ANOIA,608,22,98,140,17,136,195,35,120,26,389,38
SANT SADURNI D'OSORMORT,2, , , , , ,2, ,1, ,1, 
SANT SALVADOR DE GUARDIOLA,182,16,32,38,9,30,57,3,31,10,129,9
SANT VICENÇ DE CASTELLET,760,36,110,172,28,180,234,10,129,72,492,57
SANT VICENÇ DELS HORTS,2.146,112,367,455,93,455,664,15,301,194,1.481,155
SANT VICENÇ DE MONTALT,272,7,42,59,6,52,106,1,37,18,210,6
SANT VICENÇ DE TORELLO,89,2,13,21,1,17,35,1,23,4,60,1
SENTMENAT,503,25,69,94,21,133,161,2,100,43,331,27
SEVA,167,5,25,41,4,33,59,2,27,11,125,2
SITGES,1.513,47,299,373,28,294,472,3,77,68,1.308,57
SOBREMUNT,4, ,1,2, , ,1, , ,1,3, 
SORA,7, ,1,3, , ,3, , , ,7, 
SUBIRATS,139,4,23,34,4,31,43,6,19,9,98,7
SURIA,328,14,58,65,9,62,120,7,56,26,229,10
TAGAMANENT,20, ,5,6, ,3,6,1,2,1,14,2
TALAMANCA,14, ,3,3, ,5,3, ,2, ,10,2
TARADELL,256,5,41,50,9,60,91,3,50,12,172,19
TAVERNOLES,5, ,2,2, ,1, , , ,1,4, 
TAVERTET,3, ,1,1, , ,1, ,1, ,2, 
TEIA,247,13,56,52,5,47,74,5,22,18,192,10
TERRASSA,17.227,751,2.927,3.782,678,4.148,4.941,124,2.073,2.032,11.233,1.765
TIANA,330,12,54,65,6,77,116,2,34,16,264,14
TONA,405,18,65,79,16,77,150,6,77,30,261,31
TORDERA,1.495,78,257,307,44,371,438,43,179,126,1.057,90
TORELLO,818,33,116,203,21,183,262,13,219,39,479,68
"TORRE DE CLARAMUNT, LA",297,17,48,70,14,56,92,5,47,22,204,19
TORRELAVIT,56,1,7,15, ,13,20,3,17,1,35, 
TORRELLES DE FOIX,238,6,47,45,14,58,68,17,31,20,150,20
TORRELLES DE LLOBREGAT,291,11,41,76,9,59,95, ,33,25,221,12
ULLASTRELL,95,1,18,21,2,25,28,1,13,8,73, 
VACARISSES,399,22,66,87,11,92,121,3,59,39,285,13
VALLBONA D'ANOIA,95,5,16,19,3,19,33,4,10,3,70,8
VALLCEBRE,9,1, ,2, ,1,5, ,3, ,6, 
VALLGORGUINA,216,11,39,57,6,45,58,2,21,13,172,8
VALLIRANA,947,39,180,201,22,219,286,6,111,99,687,44
VALLROMANES,122,5,17,38,4,20,38,1,15,8,90,8
VECIANA,4, ,2, , , ,2, ,1,2,1, 
VIC,3.132,190,569,743,163,656,811,58,602,139,1.926,407
VILADA,15,2,3, , ,2,8, ,2, ,12,1
VILADECANS,4.415,207,781,905,182,998,1.342,26,478,347,3.296,268
VILADECAVALLS,398,20,63,84,11,64,156, ,65,30,287,16
VILAFRANCA DEL PENEDES,2.832,105,474,705,94,676,778,154,348,192,1.961,177
VILALBA SASSERRA,54,7,4,12,3,14,14, ,6,6,36,6
VILANOVA DEL CAMI,1.126,58,178,201,61,251,377,18,233,71,698,106
VILANOVA DEL VALLES,258,14,34,56,6,51,97,2,42,18,182,14
VILANOVA DE SAU,14, ,5,3, ,1,5, ,1,2,11, 
VILANOVA I LA GELTRU,5.237,211,926,1.198,159,1.129,1.614,64,514,419,3.937,303
VILASSAR DE DALT,456,16,70,136,13,80,141,7,55,45,333,16
VILASSAR DE MAR,943,32,157,218,22,190,324,12,95,48,752,36
VILOBI DEL PENEDES,53,6,8,12,1,12,14,2,6,2,39,4
VIVER I SERRATEIX,2, , , , , ,2, ,2, , , 
AGULLANA,40, ,6,10,3,8,13,2,5,1,32, 
AIGUAVIVA,15, ,3,4, ,3,5, ,4,2,7,2
ALBANYA,16, ,1,4, ,8,3, ,1,1,13,1
ALBONS,39, ,8,12, ,8,11, ,9,3,26,1
ALP,78,3,21,23,2,16,13,1,4,8,63,2
AMER,115,3,20,36,4,18,34,5,18,11,75,6
ANGLES,348,18,70,93,8,62,97,12,59,45,203,29
ARBUCIES,430,14,75,121,11,75,134,27,130,18,234,21
ARGELAGUER,31,3,5,9,1,9,4,2,8, ,21, 
"ARMENTERA, L'",43, ,9,10,2,9,13,7,1,2,33, 
AVINYONET DE PUIGVENTOS,75,3,12,14,7,16,23,1,9,6,58,1
BANYOLES,1.031,81,194,230,44,232,250,47,142,59,724,59
BASCARA,42,4,8,8,1,10,11,6,4,1,30,1
BEGUR,171,7,29,42,2,41,50,1,11,21,133,5
BELLCAIRE D'EMPORDA,30, ,8,7, ,6,9, ,4,4,21,1
BESALU,87,4,9,17,1,17,39,1,18,7,59,2
BESCANO,216,13,34,45,9,47,68,4,29,20,154,9
BEUDA,11, ,2,3, ,4,2, ,1,1,9, 
"BISBAL D'EMPORDA, LA",938,52,194,209,48,219,216,59,89,75,658,57
BIURE,8,1,1,4, , ,2, , ,3,5, 
BLANES,3.720,215,624,809,197,784,1.091,73,220,297,2.928,202
BOADELLA I LES ESCAULES,11, ,1,3,2,3,2, ,1,1,8,1
BOLVIR,10, ,4,2, ,3,1, , , ,10, 
BORDILS,91,5,15,23,5,21,22,3,20,6,55,7
BORRASSA,25,1,5,2,2,7,8, ,3,1,21, 
BREDA,219,14,28,60,4,38,75,3,61,13,138,4
BRUNYOLA I SANT MARTI SAPRESA,11, ,6,1, ,1,3, ,1, ,10, 
CABANELLES,18,1,6,6, ,1,4,2, ,1,15, 
CABANES,59,1,15,13,4,8,18,5,4,1,47,2
CADAQUES,113,8,25,25,6,29,20, ,7,10,90,6
CALDES DE MALAVELLA,488,37,82,99,30,116,124,7,70,45,337,29
CALONGE I SANT ANTONI,736,39,128,179,31,148,211,14,40,90,546,46
CAMOS,26,2,3,5,1,5,10,2,1,2,19,2
CAMPDEVANOL,157,16,21,36,4,27,53,1,37,4,108,7
CAMPELLES,3, , , , ,3, , ,1, ,2, 
CAMPLLONG,9,1, ,5, ,1,2,1,2,1,5, 
CAMPRODON,106,4,27,25,2,22,26, ,9,13,79,5
CANET D'ADRI,31, ,6,12,1,6,6, ,2,2,26,1
CANTALLOPS,16,1,3,4, ,4,4,1, ,6,8,1
CAPMANY,25, ,5,6,1,5,8,1,5,3,16, 
CASSA DE LA SELVA,579,36,120,108,29,140,146,26,81,48,391,33
CASTELLFOLLIT DE LA ROCA,54,5,10,16,1,11,11,1,8,6,39, 
CASTELLO D'EMPURIES,861,43,149,219,40,202,208,31,59,89,615,67
CASTELL-PLATJA D'ARO,635,23,126,157,20,155,154,11,22,64,519,19
"CELLERA DE TER, LA",79,2,10,19,1,19,28,1,20,10,45,3
CELRA,245,23,43,49,14,64,52,6,52,14,164,9
CERVIA DE TER,31,2,4,7, ,3,15,4,2,2,21,2
CISTELLA,17, ,4,3,2,4,4,2,2, ,11,2
COLERA,31,2,6,5, ,4,14, , ,2,27,2
COLOMERS,6, ,3,1, , ,2, ,2, ,4, 
CORÇA,57,1,6,13,1,19,17, ,13,4,40, 
CORNELLA DEL TERRI,78,4,18,14,1,18,23,2,17,5,54, 
CRESPIA,8, ,1,3, ,3,1, ,3, ,5, 
"CRUILLES, MONELLS I SANT SADURNI DE L'HE",75,3,11,15,4,16,26,1,11,6,55,2
DARNIUS,20, ,1,4, ,6,9, , ,2,18, 
DAS,6, , ,1, ,4,1, , , ,6, 
"ESCALA, L'",614,32,105,156,20,113,188,12,49,68,474,11
ESPINELVES,6, ,1,2, ,1,2, ,3, ,3, 
ESPOLLA,11, ,2,2,1,3,3,1, , ,10, 
ESPONELLA,13, ,2,3, ,4,4,1,1,2,9, 
"FAR D'EMPORDA, EL",34, ,7,7,5,7,8, ,3,5,26, 
FIGUERES,4.551,254,884,920,228,1.190,1.075,261,274,329,3.287,400
FLAÇA,49,3,2,15,8,11,10,2,7,3,32,5
FOIXA,7,1,2,1, ,2,1, ,1, ,6, 
FONTANALS DE CERDANYA,12,2,1,1, ,6,2, , , ,11,1
FONTANILLES,11,1,1,3, ,2,4, ,1, ,9,1
FONTCOBERTA,45, ,8,9,2,12,14,2,9,4,30, 
FORALLAC,83,3,14,25,3,14,24,3,11,10,53,6
FORNELLS DE LA SELVA,77,4,12,17,3,21,20,1,9,5,59,3
FORTIA,48,2,11,10,4,10,11,2,8,4,33,1
GARRIGAS,27, ,4,9, ,10,4, ,1,2,24, 
GARRIGOLES,6, , ,1, ,2,3, , , ,6, 
GARRIGUELLA,39,4,8,3,1,15,8,2,4,2,30,1
GER,10,1,5,1, ,2,1, ,1,2,7, 
GIRONA,6.720,370,1.358,1.411,360,1.695,1.526,156,577,518,4.954,515
GOMBREN,12,1,2,6, ,2,1,1,2,1,8, 
GUALTA,20,2,3,6,1,4,4,3,2,2,13, 
GUILS DE CERDANYA,15, ,4, , ,4,7, ,1,2,12, 
HOSTALRIC,289,7,48,66,14,69,85,6,57,12,203,11
ISOVOL,9,1,2,3, , ,3,1,1,2,5, 
JAFRE,16, ,3,6, ,2,5,2,3, ,10,1
"JONQUERA, LA",349,11,79,90,14,88,67,9,4,4,322,10
JUIA,13,2, ,4,1,2,4, ,3,2,6,2
LLADO,38,3,7,6,1,13,8,1,5,3,26,3
LLAGOSTERA,585,27,108,151,26,117,156,13,62,91,370,49
LLAMBILLES,13, ,4,4, ,1,4, ,2, ,11, 
LLANARS,13, , ,1, ,7,5, ,1, ,12, 
LLANÇA,307,15,46,71,24,60,91,3,18,31,244,11
LLERS,69,4,9,10,8,18,20,1,4,3,59,2
LLIVIA,70,2,16,20,1,18,13,1,3,11,54,1
LLORET DE MAR,3.068,199,582,621,138,733,795,33,110,244,2.564,117
"LLOSSES, LES",9, , ,3, ,5,1, ,1, ,8, 
MAÇANET DE CABRENYS,34, ,3,15, ,5,11,1, ,6,26,1
MAÇANET DE LA SELVA,692,29,102,186,25,156,194,10,83,71,492,36
MADREMANYA,7, ,1, ,1, ,5, , , ,7, 
MAIA DE MONTCAL,24, ,6,12, ,2,4,1,2,1,20, 
MASARAC,12, ,3,2,1,4,2, , ,1,11, 
MASSANES,77,1,17,13, ,26,20,1,17,8,49,2
MERANGES,4, , ,1, ,2,1, , ,1,3, 
MIERES,24,1,7,8, ,5,3, ,1,3,18,2
MOLLET DE PERALADA,7, ,2,4, , ,1,2, , ,5, 
MOLLO,9, ,2,2, ,3,2,1, , ,8, 
MONTAGUT I OIX,49,1,11,15, ,10,12, ,9,2,37,1
MONT-RAS,84,1,20,13,4,18,28, ,11,10,60,3
NAVATA,58,3,10,10,2,16,17,2,6,1,49, 
OGASSA,17, ,1,5, ,5,6,3,1,1,12, 
OLOT,1.815,101,346,413,74,386,495,42,356,90,1.228,99
ORDIS,10, ,1,2,1,2,4, ,1,1,8, 
OSOR,35, ,6,12, ,7,10,2,7,2,24, 
PALAFRUGELL,1.763,87,322,430,64,408,452,52,122,218,1.269,102
PALAMOS,1.172,54,203,269,54,252,340,20,103,119,879,51
PALAU DE SANTA EULALIA,4, , , , ,2,2, , , ,4, 
PALAU-SATOR,8, ,2, , ,4,2, , , ,8, 
PALAU-SAVERDERA,70,2,7,21,4,19,17,3,7,9,49,2
PALOL DE REVARDIT,14, ,1,5, ,3,5, , , ,14, 
PALS,100,1,18,24,2,25,30,1,4,11,81,3
PARDINES,1, ,1, , , , , , , ,1, 
PARLAVA,14,1,6,4, , ,3,1, , ,11,2
PAU,26,2,2,6,1,5,10,1, ,4,21, 
PEDRET I MARZA,6, , ,2, ,1,3, , , ,6, 
"PERA, LA",18,1,3,1,1,5,7, ,3,1,14, 
PERALADA,87,8,14,19,5,16,25,1,3,4,73,6
"PLANES D'HOSTOLES, LES",76,3,7,24,2,20,20,3,18,4,45,6
PLANOLES,12, ,3,6, ,2,1, ,1,3,8, 
PONT DE MOLINS,26,2,2,8,1,4,9, , ,1,25, 
PONTOS,12, ,1,5,1,1,4, ,1, ,10,1
PORQUERES,153,9,43,31,5,28,37, ,22,13,114,4
PORTBOU,47,1,10,16,3,7,10, ,3,1,43, 
"PORT DE LA SELVA, EL",27,1,7,7,2,9,1, ,2, ,23,2
"PRESES, LES",70,3,10,19,1,13,24, ,10,5,54,1
PUIGCERDA,485,21,92,111,17,112,132,7,19,75,380,4
QUART,146,17,26,25,6,36,36,5,18,17,98,8
QUERALBS,9,1, ,3, ,1,4,1,1, ,7, 
RABOS,10, ,3,2, ,2,3,3,1, ,6, 
REGENCOS,12,1,2,2, ,2,5,1, ,1,10, 
RIBES DE FRESER,86,1,21,27, ,15,22,5,10,3,68, 
RIELLS I VIABREA,371,14,58,78,8,85,128,1,55,30,266,19
RIPOLL,579,32,85,148,18,102,194,8,118,32,388,33
RIUDARENES,137,11,26,34,3,29,34,4,19,16,95,3
RIUDAURA,19, ,4,3, ,4,8, ,5,1,12,1
RIUDELLOTS DE LA SELVA,80,1,13,22,2,19,23,1,22,4,49,4
RIUMORS,7, ,3,1,1, ,2, ,1,1,5, 
ROSES,1.380,72,211,316,71,337,373,37,47,127,1.092,77
RUPIA,11, ,2,4, ,3,2,1,1,1,8, 
SALES DE LLIERCA,9, ,3,2,1,2,1, ,2,1,6, 
SALT,3.158,213,605,807,165,759,609,167,294,414,1.966,317
SANTA COLOMA DE FARNERS,826,45,152,152,33,195,249,26,158,53,534,55
SANTA CRISTINA D'ARO,282,21,44,67,6,57,87,10,19,21,221,11
SANTA LLOGAIA D'ALGUEMA,29,1,4,8,4,7,5,1,2,3,18,5
SANT ANDREU SALOU,5,1,1, , ,3, , ,1, ,4, 
SANT ANIOL DE FINESTRES,18,1,6,6, ,3,2, ,3, ,15, 
SANTA PAU,65,3,6,19,1,12,24, ,16,2,43,4
SANT CLIMENT SESCEBES,24,1,2,5, ,12,4,2,2,2,18, 
SANT FELIU DE BUIXALLEU,66,3,9,20,1,11,22, ,11,4,50,1
SANT FELIU DE GUIXOLS,1.643,78,277,385,59,377,467,29,102,234,1.203,75
SANT FELIU DE PALLEROLS,40,2,9,13, ,6,10,2,10,3,22,3
SANT FERRIOL,16, ,2,7, ,3,4, ,2, ,14, 
SANT GREGORI,123,16,28,14,4,27,34,5,6,7,93,12
SANT HILARI SACALM,307,10,50,66,13,68,100,31,81,12,156,27
SANT JAUME DE LLIERCA,37,1,7,6,1,8,14,3,5, ,29, 
SANT JOAN DE LES ABADESSES,130,1,26,36,4,21,42,1,31,7,87,4
SANT JOAN DE MOLLET,21, ,5,5, ,6,5, ,6, ,15, 
SANT JOAN LES FONTS,126,4,25,25,6,31,35,2,22,10,89,3
SANT JORDI DESVALLS,31,1,5,10, ,10,5,2,4,5,20, 
SANT JULIA DEL LLOR I BONMATI,74,1,7,20,3,16,27,2,13,7,48,4
SANT JULIA DE RAMIS,150,6,30,33,4,30,47,3,22,14,102,9
SANT LLORENÇ DE LA MUGA,13, ,2,2, ,5,4, , ,1,12, 
SANT MARTI DE LLEMENA,30,1,8,6,1,3,11, ,2,3,25, 
SANT MARTI VELL,21,3,3,6,1,2,6,1,2, ,15,3
SANT MIQUEL DE CAMPMAJOR,7, ,1,4, ,2, ,1, , ,5,1
SANT MIQUEL DE FLUVIA,85,6,19,22,5,18,15,3,10,14,53,5
SANT MORI,15, ,3,5,1,2,4,1, , ,10,4
SANT PAU DE SEGURIES,30, ,4,8,1,4,13,1,4, ,25, 
SANT PERE PESCADOR,125,5,32,32,4,27,25,26,4,11,84, 
SARRIA DE TER,231,14,43,51,15,47,61,3,36,15,164,13
SAUS,41, ,5,14,1,8,13,1,3,4,31,2
"SELVA DE MAR, LA",17, ,2,4,2,4,5, , ,1,16, 
SERINYA,44, ,5,12,1,13,13, ,5,5,34, 
SERRA DE DARO,4, , , , ,3,1, , , ,4, 
SETCASES,5, ,1,1, , ,3, ,1, ,4, 
SILS,388,24,66,84,16,86,112,6,43,44,279,16
SIURANA,9,1,1,2,1,2,2,1,1, ,7, 
SUSQUEDA,6, ,1,2, ,1,2, , , ,5,1
"TALLADA D'EMPORDA, LA",22, ,5,8, ,5,4, ,1, ,20,1
TERRADES,14,1,3,5, ,2,3,1, ,1,12, 
TORRENT,6, , ,5, , ,1,1, ,1,4, 
TORROELLA DE FLUVIA,39,2,5,6,3,13,10,1,4,3,31, 
TORROELLA DE MONTGRI,697,39,134,160,42,168,154,52,39,60,514,32
TORTELLA,29, ,7,6,3,10,3, ,4,1,24, 
TOSES,7,2,2,2, , ,1, , ,1,6, 
TOSSA DE MAR,318,22,57,81,11,77,70, ,10,18,279,11
ULLA,85,3,19,17,8,13,25,15,4,8,54,4
ULLASTRET,12,1,2,3, ,4,2, ,3,3,6, 
ULTRAMORT,6, ,2,1, ,1,2, ,1, ,5, 
URUS,10, ,1,1,2,3,3, , , ,9,1
"VAJOL, LA",8, ,1,2, ,3,2,2, ,1,5, 
"VALL DE BIANYA, LA",55, ,8,20,1,9,17,3,7,2,42,1
"VALL D'EN BAS, LA",83,4,14,24, ,14,27,5,14,6,56,2
VALLFOGONA DE RIPOLLES,10, , ,3, ,2,5,1,2,1,6, 
VALL-LLOBREGA,40,2,7,7,1,8,15,1,4,4,31, 
VENTALLO,28,2,8,8, ,6,4,2,2,5,18,1
VERGES,54, ,7,16,2,15,14,4,7,5,34,4
VIDRA,7, , ,4, , ,3,1,2,1,3, 
VIDRERES,556,31,94,122,28,116,165,10,50,46,430,20
VILABERTRAN,48,4,7,9,1,12,15, ,3,4,39,2
VILABLAREIX,84,5,17,9,3,25,25, ,12,5,66,1
VILADAMAT,13, ,2,5, ,2,4, ,2,2,9, 
VILADASENS,6, ,1, , ,3,2, ,1, ,5, 
VILADEMULS,43,1,9,8,1,8,16,5,3,3,32, 
VILADRAU,32,3,3,10,1,9,6,2,5,3,20,2
VILAFANT,295,23,34,67,19,62,90,4,30,24,214,23
VILAJUIGA,66,1,13,14,3,12,23,6,4,4,51,1
VILALLONGA DE TER,14,1,2,5, ,4,2,1,1,2,10, 
VILAMACOLUM,24,1,6,3,1,7,6,2,2,3,17, 
VILAMALLA,60,5,13,13,4,15,10, ,6,6,45,3
VILAMANISCLE,3,1,1, ,1, , , , ,1,2, 
VILANANT,13, ,2,4, ,5,2, ,1,1,11, 
VILA-SACRA,32,1,6,4,1,9,11,1,5,2,23,1
VILAÜR,10,1,2,2, ,3,2, ,1,1,8, 
VILOBI D'ONYAR,130,8,19,26,4,32,41,6,26,6,88,4
VILOPRIU,7, ,1,2, ,2,2,3, , ,3,1
ABELLA DE LA CONCA,10, ,1,5, , ,4, ,3, ,7, 
AGER,25,2,5,3,1,8,6,3,1,1,19,1
AGRAMUNT,281,13,37,65,13,67,86,34,74,27,127,19
AITONA,220,9,43,44,9,58,57,43,8,6,161,2
"ALAMUS, ELS",29,2,9,5,2,6,5,4,1,2,22, 
ALAS I CERC,11,1, ,4, ,2,4, ,1,1,8,1
"ALBAGES, L'",13,2,1,2, ,3,5,3,1,2,7, 
ALBATARREC,111,7,24,15,4,30,31,15,5,8,79,4
ALBESA,57,1,13,10,3,14,16,12,4,4,33,4
"ALBI, L'",35,2,4,12, ,7,10,7,8,1,18,1
ALCANO,9, , ,2, , ,7, , , ,8,1
ALCARRAS,833,33,143,146,48,249,214,156,35,25,594,23
ALCOLETGE,208,8,46,37,10,46,61,37,29,13,119,10
ALFARRAS,259,15,62,62,14,59,47,95,11,33,91,29
ALFES,10, ,1,2, ,3,4,2,1,1,6, 
ALGERRI,18, ,2,5,4,5,2,2,1,1,9,5
ALGUAIRE,156,5,33,41,8,37,32,31,8,18,93,6
ALINS,10, ,2,1, ,6,1,1,1, ,8, 
ALMACELLES,311,19,51,69,7,87,78,51,29,25,175,31
ALMATRET,5, , ,2, ,2,1, ,1, ,4, 
ALMENAR,176,9,28,55,10,36,38,49,12,23,82,10
ALOS DE BALAGUER,5, ,1,2, ,1,1, , ,1,4, 
ALPICAT,219,15,34,44,10,55,61,19,21,16,159,4
ALT ANEU,13,1,6,3, ,2,1, , ,3,9,1
ANGLESOLA,73,7,12,16,1,23,14,12,12,3,42,4
ARBECA,101,1,26,26,6,17,25,27,15,13,42,4
ARRES,1, , , , ,1, , , , ,1, 
ARSEGUEL,3, ,1, , ,1,1, ,1, ,2, 
ARTESA DE LLEIDA,68,2,12,21,4,10,19,19,8,3,35,3
ARTESA DE SEGRE,150,7,22,38,3,39,41,20,30,13,76,11
ASPA,5, ,2,1, ,2, ,2, , ,3, 
"AVELLANES I SANTA LINYA, LES",9,1, ,3, ,3,2,1,1,1,6, 
BAIX PALLARS,23, ,4,10,1,4,4,4,3,1,15, 
BALAGUER,1.538,98,280,309,91,405,355,211,142,110,926,149
BARBENS,43,4,16,6,1,8,8,26,1,1,14,1
"BARONIA DE RIALB, LA",5, ,1,1, ,1,2, , , ,5, 
BASSELLA,4, ,2, , , ,2, ,2, ,2, 
BAUSEN,5, ,2, , ,1,2, , , ,5, 
BELIANES,17, ,3,3,3,3,5, ,1,1,14,1
BELLAGUARDA,6, ,1,3, , ,2, , ,2,4, 
BELLCAIRE D'URGELL,50,3,14,8,2,11,12,7,9,5,27,2
BELL-LLOC D'URGELL,123,8,27,23,6,37,22,25,12,8,68,10
BELLMUNT D'URGELL,8, ,3,2, ,2,1, , ,2,6, 
BELLPUIG,308,17,61,73,5,84,68,50,39,16,188,15
BELLVER DE CERDANYA,68,2,7,15,2,18,24, ,4,9,54,1
BELLVIS,110,5,16,32,2,22,33,27,14,3,62,4
BENAVENT DE SEGRIA,40,2,7,12,1,11,7,6,5,4,23,2
BIOSCA,3, ,1,1, , ,1, , , ,3, 
"BORDES, ES",14, ,9,1,1,3, , , ,3,11, 
"BORGES BLANQUES, LES",387,19,66,103,22,84,93,54,50,28,225,30
BOSSOST,68,1,17,14,3,18,15, ,2,10,54,2
BOVERA,7, ,1,3, ,1,2, ,2,1,4, 
CABANABONA,2, , ,1, , ,1, , , ,2, 
CABO,8, ,3,2,1, ,2,2,1, ,5, 
CAMARASA,23, ,5,4,1,5,8,1,5, ,15,2
CANEJAN,5, ,1, ,1,1,2, , , ,5, 
CASTELLAR DE LA RIBERA, , , , , , , , , , , , 
CASTELLDANS,42,1,3,16, ,8,14,11,6,2,21,2
CASTELL DE MUR,8, ,1,6, , ,1, ,2,2,4, 
CASTELLNOU DE SEANA,34, ,11,8,1,8,6,10,5, ,17,2
CASTELLO DE FARFANYA,29,1,3,9, ,7,9,6,3,6,14, 
CASTELLSERA,49,4,9,17,1,6,12,16,3,6,18,6
CAVA,4, ,4, , , , , , , ,4, 
CERVERA,529,24,86,118,13,138,150,36,93,38,312,50
CERVIA DE LES GARRIGUES,32,1,3,12, ,4,12,4,5,2,20,1
CIUTADILLA,6, ,1,2,1,1,1, ,1, ,5, 
CLARIANA DE CARDENER,8, ,1,1, ,3,3, ,1,1,6, 
"COGUL, EL",2, ,1, , , ,1, ,1, ,1, 
COLL DE NARGO,15, ,3,5, ,6,1,1,2,2,10, 
"COMA I LA PEDRA, LA",13,1,3,4, ,2,3, ,1,1,11, 
CONCA DE DALT,15, ,3,1, ,5,6, , ,1,14, 
CORBINS,45,2,6,14,3,7,13,14,6,1,24, 
CUBELLS,15, ,4,2,1,7,1,2,1, ,11,1
"ESPLUGA CALBA, L'",17, ,5,6,1,1,4,1, ,1,15, 
ESPOT,12, ,3,1, ,4,4, ,2, ,10, 
ESTAMARIU,3, ,1, , ,2, , , , ,3, 
ESTARAS,5, ,2, , ,1,2, , , ,5, 
ESTERRI D'ANEU,46,1,8,12,1,13,11,2,4,7,32,1
ESTERRI DE CARDOS,5, ,1,2, ,1,1,1, , ,4, 
FARRERA,8, ,2,2, ,2,2, , , ,7,1
FIGOLS I ALINYA,4, , ,1, ,1,2, , , ,4, 
"FLORESTA, LA",8,1, ,3, , ,4,1,1, ,6, 
FONDARELLA,18, ,5,2, ,4,7,4,1,2,11, 
FORADADA,3, , ,1, ,1,1, , ,1,2, 
"FULIOLA, LA",95,3,25,17,3,27,20,39,7,9,33,7
FULLEDA,3, ,1,1, ,1, , , ,1,1,1
GAVET DE LA CONCA,5, , ,2, ,1,2,1, , ,4, 
GIMENELLS I EL PLA DE LA FONT,31,1,1,4,3,12,10,5,2,3,20,1
GOLMES,103,5,16,25,5,20,32,15,12,5,62,9
GOSOL,4, ,2,1, , ,1,1, , ,3, 
"GRANADELLA, LA",20, ,6,4,1,3,6,4,3,1,11,1
"GRANJA D'ESCARP, LA",46,2,16,11,1,9,7,21,2,3,20, 
GRANYANELLA,7, ,2,2, ,1,2, ,3, ,4, 
GRANYENA DE LES GARRIGUES,12,1,4,5,1, ,1,3, ,1,8, 
GRANYENA DE SEGARRA,4,1, ,1, , ,2, ,1, ,2,1
GUIMERA,11, ,1,5, ,3,2,2,4, ,5, 
"GUINGUETA D'ANEU, LA",13, ,1,3, ,6,3,1, , ,12, 
GUISSONA,236,15,38,45,6,72,60,18,74,13,119,12
GUIXERS,4, ,2, , ,1,1, ,1, ,3, 
ISONA I CONCA DELLA,29, ,5,12, ,7,5,4,3,2,20, 
IVARS DE NOGUERA,18,1,3,3,2,6,3,3,2,3,9,1
IVARS D'URGELL,53,3,15,12, ,11,12,21,5, ,26,1
IVORRA,4, ,3,1, , , , , , ,3,1
JOSA I TUIXEN,3, ,1,1, , ,1, , ,1,2, 
JUNCOSA,9, ,2,3, ,3,1,3, , ,6, 
JUNEDA,125,9,28,28,3,33,24,22,21,10,69,3
LES,55,5,8,19,2,11,10, ,3,11,39,2
LINYOLA,131,7,20,31,2,27,44,21,24,4,75,7
LLADORRE,6,1,2,1, , ,2, , , ,6, 
LLADURS,2, , ,2, , , , ,1,1, , 
LLARDECANS,6, ,2,2, ,1,1,2,1, ,3, 
LLAVORSI,19,3,3,3, ,6,4,1, ,2,16, 
LLEIDA,11.098,524,2.032,2.412,472,2.832,2.826,1.103,749,789,7.687,770
LLES DE CERDANYA,7, , ,4, ,1,2, , , ,7, 
LLIMIANA,8, ,1,3, ,3,1,2,1,1,4, 
LLOBERA,6, , , , ,2,4, ,1, ,5, 
MAIALS,26,1,3,10,1,4,7,9,3,2,12, 
MALDA,10,1,2,5, ,2, , ,2, ,8, 
MASSALCOREIG,24,3,4,7,3,5,2,9,4,1,7,3
MASSOTERES,7, ,2,1, ,1,3,1, , ,5,1
MENARGUENS,42,1,10,12,1,10,8,11,8,3,20, 
MIRALCAMP,69,4,9,19,6,13,18,19,7,1,36,6
MOLLERUSSA,985,35,176,213,36,278,247,166,87,37,619,76
"MOLSOSA, LA",3, , , , ,2,1, , , ,2,1
MONTELLA I MARTINET,31,2,4,9,1,7,8,1, ,2,28, 
MONTFERRER I CASTELLBO,39,2,5,9, ,11,12,4,3,2,30, 
MONTGAI,14,2, ,3, ,4,5,1,4, ,8,1
MONTOLIU DE LLEIDA,13, ,6,2,1,2,2,2, ,1,10, 
MONTOLIU DE SEGARRA,6, ,1,2, ,1,2, , ,3,3, 
MONTORNES DE SEGARRA,3, , ,1, ,1,1, ,1, ,2, 
NALEC,3, , ,1, ,1,1,1,1, ,1, 
NAUT ARAN,65,3,21,11,2,19,9,2,3,5,55, 
NAVES,7, ,1, , ,3,3,2,2, ,3, 
ODEN,2, , , , ,2, , , , ,2, 
OLIANA,71,2,12,13,1,18,25,7,19, ,43,2
OLIOLA,2, , , , ,1,1, , , ,2, 
OLIUS,28, ,7,7, ,6,8, ,9,1,18, 
"OLUGES, LES",6,1, ,3, ,2, , ,2,1,3, 
"OMELLONS, ELS",9,1,1,3, ,3,1, ,2, ,7, 
"OMELLS DE NA GAIA, ELS",5, ,1,1, , ,3,1,1,1,2, 
ORGANYA,39,2,7,11, ,9,10,4,9,3,23, 
OS DE BALAGUER,47,5,7,8,2,8,17,4,8,3,30,2
OSSO DE SIO,10, ,1,4, ,1,4,1,2, ,7, 
"PALAU D'ANGLESOLA, EL",91,2,23,17,2,24,23,24,10,3,52,2
PENELLES,14,1,3,3, ,4,3,4,2,1,6,1
PERAMOLA,7,1, ,1,1,3,1, ,1, ,6, 
PINELL DE SOLSONES,1, , ,1, , , , , , , ,1
PINOS,4, ,2,1, ,1, , ,1, ,3, 
"PLANS DE SIO, ELS",19,1,2,7,1,3,5,1,3, ,14,1
"POAL, EL",24,1,4,4,1,8,6,2,1, ,20,1
"POBLA DE CERVOLES, LA",13, ,2,4, ,4,3, ,4, ,9, 
"POBLA DE SEGUR, LA",193,9,38,49,9,49,39,4,13,34,137,5
"PONT DE BAR, EL",15, ,2,7, ,4,2,1,2,1,11, 
"PONT DE SUERT, EL",115,9,30,22,4,29,21,3,4,25,82,1
PONTS,141,7,27,32,5,35,35,11,19,7,97,7
"PORTELLA, LA",39,1,9,5, ,12,12,6,7,1,25, 
PRATS I SANSOR,10,1,1,3,1,3,1, ,1, ,9, 
PREIXANA,10, ,2,4, ,2,2,1,1,1,7, 
PREIXENS,20, ,4,7, ,4,5,1,6, ,13, 
PRULLANS,6, ,1,1, ,4, , , , ,6, 
PUIGGROS,8, ,1,5, ,1,1,3,2,1,2, 
PUIGVERD D'AGRAMUNT,10, ,2,3, ,1,4,3,2, ,5, 
PUIGVERD DE LLEIDA,58,6,7,12,3,16,14,8,2,5,40,3
RIALP,41,1,12,10,1,9,8,2,3,4,32, 
RIBERA D'ONDARA,10, ,2,1, ,2,5, ,3, ,7, 
RIBERA D'URGELLET,27, ,5,7, ,5,10, ,3,1,20,3
RINER,8, ,4,1,1, ,2, ,1,1,6, 
RIU DE CERDANYA,4, ,1,2, ,1, , , ,1,3, 
ROSSELLO,205,17,37,49,8,46,48,18,18,19,135,15
SALAS DE PALLARS,25, ,6,6, ,5,8,2,4,3,14,2
SANAÜJA,13, ,1,4, ,5,3, ,2,2,9, 
SANT ESTEVE DE LA SARGA,3,1, ,1, , ,1, , , ,2,1
SANT GUIM DE FREIXENET,43,3,7,10,1,9,13,2,11,4,24,2
SANT GUIM DE LA PLANA,2, ,1, , , ,1,1, , ,1, 
SANT LLORENÇ DE MORUNYS,25,3,3,4, ,10,5, ,1,4,19,1
SANT MARTI DE RIUCORB,22,2,4,6,1,5,4,2,1,1,16,2
SANT RAMON,11,1,4,1, ,2,3,2,5, ,3,1
SARROCA DE BELLERA,6, ,2,2, ,1,1, , , ,6, 
SARROCA DE LLEIDA,6,1, ,3,1, ,1, ,1, ,5, 
SENTERADA,12, ,2,4, ,3,3, , ,2,10, 
"SENTIU DE SIO, LA",17,2,3,3, ,5,4,1,2,1,11,2
SEROS,105,2,16,23,3,35,26,23,5,3,70,4
"SEU D'URGELL, LA",827,39,158,190,33,187,220,27,46,83,619,52
SIDAMON,23,1,1,9,1,4,7,4,1,2,16, 
"SOLERAS, EL",8,1,1,1,1,2,2,2,2, ,3,1
SOLSONA,490,31,90,109,19,110,131,28,72,53,310,27
SORIGUERA,27, ,10,5,1,9,2,1,2,2,22, 
SORT,152,16,37,27,10,32,30,2,6,16,128, 
SOSES,120,7,25,27,3,27,31,20,5,4,91, 
SUDANELL,21,1,6,6,1,4,3,5, , ,15,1
SUNYER,7, , ,2, ,4,1,1,1, ,5, 
TALARN,19,1,4,4,2,4,4,1,1,4,13, 
TALAVERA,2, , ,1, ,1, , , ,1,1, 
TARREGA,1.216,70,184,235,46,347,334,81,151,81,804,99
TARRES,5, , ,2, , ,3, ,1, ,4, 
TARROJA DE SEGARRA,11, , ,4, ,2,5, ,3, ,6,2
TERMENS,59,3,12,13,3,8,20,10,4,2,43, 
TIRVIA,11, ,2,3,1,2,3,1, ,1,9, 
TIURANA,1, , , , ,1, ,1, , , , 
TORA,44, ,7,9,2,7,19,4,4,2,34, 
"TORMS, ELS",4,1,1,2, , , ,1,1, ,2, 
TORNABOUS,31,2,3,7,1,7,11,8,2,2,19, 
TORREBESSES,8,2,2,2, , ,2,2, ,1,5, 
"TORRE DE CABDELLA, LA",21, ,4,5,1,7,4,2, ,1,18, 
TORREFARRERA,187,14,36,38,8,35,56,22,17,16,126,6
TORREFETA I FLOREJACS,17, ,2,4,2,2,7,1,3, ,12,1
TORREGROSSA,108,4,21,21,9,30,23,26,10,2,63,7
TORRELAMEU,27, ,7,9,2,6,3,14,1, ,12, 
TORRES DE SEGRE,248,10,44,50,16,57,71,63,22,7,152,4
TORRE-SERONA,9, ,1,2, ,3,3, ,2,1,5,1
TREMP,431,29,70,107,13,98,114,32,25,41,309,24
VALLBONA DE LES MONGES,10, ,1,5,1,3, , ,4,1,5, 
"VALL DE BOI, LA",48,3,10,9,4,10,12,3,8,3,34, 
VALL DE CARDOS,16, ,3,4, ,6,3, , , ,16, 
VALLFOGONA DE BALAGUER,68,2,10,15,7,19,15,8,8,4,45,3
"VALLS D'AGUILAR, LES",8, ,2,2, ,3,1, ,2, ,6, 
"VALLS DE VALIRA, LES",27,3,3,7,2,5,7,1,2,2,19,3
"VANSA I FORNOLS, LA",14, , ,4,1,1,8,1,2, ,10,1
VERDU,42,2,8,13,1,7,11,6,6,3,26,1
VIELHA E MIJARAN,377,32,96,88,23,84,54,8,4,90,272,3
VILAGRASSA,32,1,10,4, ,5,12,3,3, ,22,4
VILALLER,27, ,7,8,2,6,4,1,1,5,19,1
VILAMOS,11, ,3,4, ,2,2, , ,2,8,1
VILANOVA DE BELLPUIG,44,2,11,9, ,6,16,8,9,2,24,1
VILANOVA DE LA BARCA,52, ,5,13,3,7,24,5,7,1,39, 
VILANOVA DE L'AGUDA,2, , , , ,1,1, , , ,1,1
VILANOVA DE MEIA,17, ,3,7, ,4,3,5,1, ,11, 
VILANOVA DE SEGRIA,43,3,11,6,2,10,11,8,2,3,30, 
VILA-SANA,30,2,6,5,1,7,9,5,3,1,18,3
"VILOSELL, EL",5, ,2,1, , ,2, ,1, ,4, 
VINAIXA,22, ,4,6,1,1,10,2,5,1,12,2
AIGUAMURCIA,87,4,9,25,4,24,21,6,9,7,59,6
ALBINYANA,211,14,40,50,11,49,47,4,22,21,154,10
"ALBIOL, L'",20, ,1,8, ,6,5, ,1,3,16, 
ALCANAR,537,17,91,138,16,134,141,87,43,45,335,27
ALCOVER,331,18,50,83,10,70,100,11,56,31,219,14
"ALDEA, L'",253,5,40,59,9,63,77,32,34,19,161,7
ALDOVER,52,4,7,14,5,11,11,3,6,7,26,10
"ALEIXAR, L'",55,1,7,18,3,7,19,3,5,7,38,2
ALFARA DE CARLES,27,1,5,11,1,4,5,5,2,3,15,2
ALFORJA,133,8,19,24,2,35,45,3,17,12,93,8
ALIO,24, , ,5,4,8,7,1,6,2,14,1
ALMOSTER,57,5,3,8,4,13,24, ,7,3,46,1
ALTAFULLA,283,11,43,61,12,55,101,1,17,20,229,16
"AMETLLA DE MAR, L'",497,26,73,113,22,123,140,28,22,37,377,33
"AMPOLLA, L'",224,10,42,43,6,51,72,7,16,20,171,10
AMPOSTA,1.695,109,278,338,102,414,454,142,153,114,1.148,138
"ARBOÇ, L'",505,19,86,124,18,128,130,23,62,32,343,45
ARBOLI,14, ,1,4,1,6,2,2,1,2,8,1
"ARGENTERA, L'",3, , ,2, ,1, , , , ,3, 
ARNES,15,1,2,3,1,4,4,3, , ,11,1
ASCO,102,4,23,18,7,31,19,22,4,6,64,6
BANYERES DEL PENEDES,253,13,43,64,15,56,62,13,39,18,175,8
BARBERA DE LA CONCA,20, ,4,4, ,5,7, ,5,1,13,1
BATEA,51,2,7,12,2,11,17,18,8,4,20,1
BELLMUNT DEL PRIORAT,18,1,5,2, ,4,6,2,7,1,8, 
BELLVEI,213,7,37,53,9,57,50,7,18,25,147,16
BENIFALLET,32,1,5,6, ,6,14,3,3,1,25, 
BENISSANET,42,2,9,10,1,7,13,18,2,2,19,1
"BISBAL DE FALSET, LA",10, ,2,2, ,3,3,4,1, ,5, 
"BISBAL DEL PENEDES, LA",359,20,58,88,17,63,113,6,32,27,280,14
BLANCAFORT,13, ,4,5, ,2,2, ,1,2,9,1
BONASTRE,71,3,9,22,3,14,20,3,9,7,49,3
"BORGES DEL CAMP, LES",138,10,24,33,4,37,30,7,9,13,99,10
BOT,15,2,3,4,1,1,4,3,3,1,7,1
BOTARELL,77,3,12,23,4,17,18,8,4,5,58,2
BRAFIM,27,2,7,7, ,7,4,7,5,1,14, 
CABACES,19,1,3,5,1,4,5,4,1, ,14, 
CABRA DEL CAMP,109,6,12,21,8,21,41,2,14,8,78,7
CALAFELL,2.395,112,376,505,106,519,777,6,179,207,1.888,115
CAMARLES,194,9,29,38,8,44,66,19,25,20,119,11
CAMBRILS,2.838,140,493,589,129,720,767,66,137,239,2.286,110
CANONJA,427,18,82,79,22,117,109,11,38,55,308,15
CAPAFONTS,6, ,2,1, ,2,1, ,1, ,5, 
CAPÇANES,15, ,3,3, ,4,5,2,4, ,9, 
CASERES,12, ,1,5, ,2,4, ,3,2,6,1
CASTELLVELL DEL CAMP,110,6,18,20,6,15,45,2,10,6,87,5
"CATLLAR, EL",229,14,27,56,15,54,63,8,22,19,169,11
COLLDEJOU,12, ,1,2,2,2,5, ,2,1,8,1
CONESA,5, ,1,1, ,2,1, , , ,5, 
CONSTANTI,738,46,140,165,41,186,160,32,38,70,519,79
CORBERA D'EBRE,41,1,8,11,1,7,13,8,5,2,25,1
CORNUDELLA DE MONTSANT,53,1,15,16, ,10,11,4,9,4,35,1
CREIXELL,313,14,57,74,13,68,87,3,24,25,244,17
CUNIT,1.176,50,168,277,60,246,375,8,83,125,898,62
DELTEBRE,905,46,141,211,44,206,257,76,57,150,573,49
DUESAIGÜES,16,1,5,4, , ,6,1,2,3,10, 
"ESPLUGA DE FRANCOLI, L'",187,8,30,50,6,43,50,3,28,18,133,5
FALSET,183,8,28,45,6,34,62,31,20,10,108,14
"FATARELLA, LA",39,1,2,10,1,2,23,1,6,5,22,5
"FEBRO, LA",4, ,1,2, , ,1, ,2, ,2, 
"FIGUERA, LA",5, ,2,2, , ,1, , , ,5, 
FIGUEROLA DEL CAMP,18,1,1,5, ,5,6, ,5,1,11,1
FLIX,204,15,46,48,6,40,49,14,17,57,108,8
FORES,1, , ,1, , , , , , ,1, 
FREGINALS,25,4,5,4,1,5,6,6,4,2,9,4
"GALERA, LA",31, ,6,11, ,4,10,6,2,2,20,1
GANDESA,169,10,32,28,5,54,40,22,20,11,101,15
GARCIA,38,1,9,8,3,8,9,7,5,2,24, 
"GARIDELLS, ELS",13, ,2,4,1,5,1,1,1,3,8, 
GINESTAR,33, ,7,10, ,5,11,8,5,4,14,2
GODALL,37,2,2,11, ,14,8,3,6,2,24,2
GRATALLOPS,13, ,2,4, ,3,4,3,2, ,8, 
"GUIAMETS, ELS",9, ,1,2, ,2,4,1,3,1,4, 
HORTA DE SANT JOAN,54,3,9,17, ,9,16,9,3,7,34,1
"LLOAR, EL",3, , ,1, , ,2, ,1, ,2, 
LLORAC,5, ,2,2, , ,1, ,3, ,2, 
LLORENÇ DEL PENEDES,160,10,32,36,10,32,40,6,23,14,99,18
MARÇA,45,3,7,9,4,12,10,7,4,2,30,2
MARGALEF,4, ,1,2, ,1, ,1, ,1,2, 
MAS DE BARBERANS,23, ,3,3, ,10,7,3,3, ,17, 
MASDENVERGE,80,2,14,16,4,17,27,6,8,4,54,8
MASLLORENÇ,42,2,7,13,2,8,10,6,5,3,24,4
"MASO, LA",10, ,2,2, ,3,3,2,1,1,5,1
MASPUJOLS,39, ,5,12,3,8,11, ,4,3,31,1
"MASROIG, EL",31,2,5,7,1,7,9,6,6,1,14,4
"MILA, EL",8, ,1,3,1,1,2, , ,1,7, 
MIRAVET,38,3,7,6,1,11,10,12,4,1,17,4
"MOLAR, EL",18, ,4,3,4,3,4,2,2, ,13,1
MONTBLANC,405,16,86,98,8,77,120,18,71,29,277,10
MONTBRIO DEL CAMP,214,8,53,44,7,55,47,17,21,17,154,5
MONTFERRI,31,2,2,7,1,7,12,1,4,1,25, 
"MONTMELL, EL",224,11,40,59,10,47,57,8,28,17,162,9
MONT-RAL,17,1,3,7, ,3,3, ,2,3,10,2
MONT-ROIG DEL CAMP,1.073,41,174,235,34,282,307,55,70,100,800,48
MORA D'EBRE,442,16,79,124,17,84,122,89,26,17,276,34
MORA LA NOVA,262,10,57,59,10,51,75,79,29,14,130,10
"MORELL, EL",268,11,51,48,11,83,64,5,36,23,193,11
"MORERA DE MONTSANT, LA",7, ,2,4, , ,1,3,2, ,2, 
"NOU DE GAIA, LA",36,1,7,9, ,11,8,2,5,1,25,3
NULLES,32,2,7,5,1,9,8,2,9,1,20, 
"PALLARESOS, ELS",223,10,27,47,5,46,88,3,12,17,182,9
"PALMA D'EBRE, LA",18,2,7,4, ,1,4,2,5,1,10, 
PASSANANT I BELLTALL,8, , ,3, , ,5, ,1,2,5, 
PAÜLS,16, ,3,2, ,6,5,1,2, ,12,1
PERAFORT,50,4,6,8,8,10,14,1,7,3,37,2
"PERELLO, EL",132,4,29,32,1,23,43,9,14,14,89,6
"PILES, LES",6, ,1,2, , ,3,1, , ,4,1
"PINELL DE BRAI, EL",45,2,5,19,1,8,10,6,11,6,20,2
PIRA,16, ,5,3, ,2,6, ,4,1,11, 
"PLA DE SANTA MARIA, EL",185,18,30,38,7,33,59,11,20,14,125,15
"POBLA DE MAFUMET, LA",300,22,53,37,25,106,57,4,22,21,243,10
"POBLA DE MASSALUCA, LA",11, ,2,2,1, ,6,2,2,1,6, 
"POBLA DE MONTORNES, LA",277,16,42,68,9,55,87,3,29,19,212,14
POBOLEDA,14, ,2,2, ,3,7,4,3,1,6, 
"PONT D'ARMENTERA, EL",31,3,4,6,1,9,8,1,4,2,22,2
PONTILS,6, ,1,2, ,2,1, ,1,2,3, 
PORRERA,13,1,2,4,1,2,3,2,5, ,4,2
PRADELL DE LA TEIXETA,9, ,2,5, , ,2,1,1,1,6, 
PRADES,26,2,4,6,2,7,5,2, ,2,20,2
PRAT DE COMTE,12,2,2,2, ,3,3,2, ,1,8,1
PRATDIP,52,4,7,13,3,9,16,2,3,3,44, 
PUIGPELAT,72, ,10,17,2,16,27,4,12,5,49,2
QUEROL,66,2,11,20, ,9,24,4,4,6,47,5
RASQUERA,40,1,7,11,2,9,10,2,4,2,30,2
RENAU,7, , ,2, ,1,4, , , ,7, 
REUS,9.159,475,1.623,1.985,434,2.190,2.452,390,647,891,6.429,802
"RIBA, LA",33,3,6,8,1,5,10, ,7,2,24, 
RIBA-ROJA D'EBRE,61, ,15,18,1,12,15,3,8,7,41,2
"RIERA DE GAIA, LA",92,7,10,16,2,20,37,2,8,7,69,6
RIUDECANYES,76,1,12,22,2,15,24,8,6,5,53,4
RIUDECOLS,62,2,13,14,4,16,13,2,15,6,35,4
RIUDOMS,406,16,67,100,16,108,99,46,37,45,244,34
ROCAFORT DE QUERALT,10, ,3,4, ,2,1, ,2, ,7,1
RODA DE BARA,507,20,84,116,15,128,144,6,38,43,399,21
RODONYA,33,1,5,16,1,5,5,5,3,4,19,2
ROQUETES,509,34,78,131,28,112,126,61,54,39,320,35
"ROURELL, EL",32,3,4,7,1,9,8, ,3,1,23,5
SALOMO,17,1,4,3, ,5,4,4,3, ,9,1
SALOU,2.223,111,424,470,103,563,552,56,105,110,1.892,60
SANTA BARBARA,243,11,43,63,12,63,51,27,27,16,160,13
SANTA COLOMA DE QUERALT,151,17,16,33,5,28,52,6,25,12,88,20
SANTA OLIVA,348,27,51,76,11,75,108,7,29,42,245,25
SANT CARLES DE LA RAPITA,1.067,62,188,209,41,250,317,59,93,62,791,62
SANT JAUME DELS DOMENYS,202,11,39,55,5,34,58,9,34,18,133,8
SANT JAUME D'ENVEJA,254,29,37,46,6,57,79,17,39,25,149,24
SARRAL,79,2,19,18, ,19,21,2,13,7,53,4
SAVALLA DEL COMTAT,4, ,1,2, , ,1,1, , ,3, 
"SECUITA, LA",86,3,10,21,4,28,20,3,9,9,60,5
"SELVA DEL CAMP, LA",304,30,62,59,18,58,77,12,39,26,199,28
SENAN,2, ,1,1, , , , , , ,2, 
"SENIA, LA",409,22,56,108,23,68,132,27,97,23,231,31
SOLIVELLA,23, ,5,5, ,7,6,2,6,1,13,1
TARRAGONA,10.389,559,1.854,2.170,523,2.627,2.656,231,663,992,7.659,844
TIVENYS,39,2,8,9,2,2,16,2,9,4,22,2
TIVISSA,90,2,14,26,5,12,31,15,15,3,55,2
"TORRE DE FONTAUBELLA, LA",6, , ,2, ,1,3, ,2,1,3, 
"TORRE DE L'ESPANYOL, LA",39,2,9,8,3,7,10,15,2, ,19,3
TORREDEMBARRA,1.418,64,230,279,62,349,434,15,82,124,1.092,105
TORROJA DEL PRIORAT,9, ,3,2,1, ,3,1,3,1,4, 
TORTOSA,2.560,143,501,642,119,490,665,300,247,163,1.632,218
ULLDECONA,452,39,75,104,9,80,145,41,89,27,259,36
ULLDEMOLINS,11, ,4,6, ,1, ,1,2, ,7,1
VALLCLARA,6,1,1,2, ,1,1, ,1, ,5, 
VALLFOGONA DE RIUCORB,1, , , , , ,1, , , ,1, 
VALLMOLL,113,3,20,27,3,28,32,8,32,8,64,1
VALLS,1.924,104,320,462,82,409,547,127,280,111,1.262,144
VANDELLOS I L'HOSPITALET DE L'INFANT,484,21,74,107,21,120,141,7,42,27,403,5
"VENDRELL, EL",3.809,221,630,801,180,880,1.097,90,277,340,2.858,244
VESPELLA DE GAIA,48, ,9,16,1,11,11,2,3,6,36,1
VILABELLA,36, ,6,11,1,8,10,5,6,1,23,1
VILALBA DELS ARCS,26, ,3,5, ,6,12,4,2, ,19,1
VILALLONGA DEL CAMP,137,10,29,22,4,44,28,2,12,16,97,10
VILANOVA DE PRADES,7, ,1,2, ,3,1, ,1,1,5, 
VILANOVA D'ESCORNALBOU,41, ,6,12, ,13,10,1,3,6,31, 
VILAPLANA,25, ,6,9, ,6,4,2,4,2,17, 
VILA-RODONA,81,8,13,16,3,19,22,9,8,6,50,8
VILA-SECA,1.662,83,276,315,82,487,419,26,116,137,1.342,41
VILAVERD,27, ,3,12,2,3,7,2,2,2,21, 
"VILELLA ALTA, LA",4, , ,2, ,1,1, ,1, ,2,1
"VILELLA BAIXA, LA",10, ,1,4, ,2,3,1,5, ,4, 
VIMBODÍ I POBLET,38,1,3,7,1,9,17,2,4,1,28,3
VINEBRE,31,1,9,4,1,8,8,8,1,3,17,2
VINYOLS I ELS ARCS,119,11,14,28,5,28,33,8,7,10,84,10
XERTA,73,5,13,23,3,9,20,6,7,7,50,3